[
  {
    "CHI": 2001,
    "NeurIPS": 2001,
    "Score": 0.8978666067123413
  },
  {
    "CHI": 2001,
    "NeurIPS": 2002,
    "Score": 0.8987745642662048
  },
  {
    "CHI": 2001,
    "NeurIPS": 2003,
    "Score": 0.8979843854904175
  },
  {
    "CHI": 2001,
    "NeurIPS": 2004,
    "Score": 0.883034348487854
  },
  {
    "CHI": 2001,
    "NeurIPS": 2005,
    "Score": 0.8981634378433228
  },
  {
    "CHI": 2001,
    "NeurIPS": 2006,
    "Score": 0.8966386914253235
  },
  {
    "CHI": 2001,
    "NeurIPS": 2007,
    "Score": 0.8977895379066467
  },
  {
    "CHI": 2001,
    "NeurIPS": 2008,
    "Score": 0.8939403295516968
  },
  {
    "CHI": 2001,
    "NeurIPS": 2009,
    "Score": 0.8882930874824524
  },
  {
    "CHI": 2001,
    "NeurIPS": 2010,
    "Score": 0.886674702167511
  },
  {
    "CHI": 2001,
    "NeurIPS": 2011,
    "Score": 0.8905863761901855
  },
  {
    "CHI": 2001,
    "NeurIPS": 2012,
    "Score": 0.8831256031990051
  },
  {
    "CHI": 2001,
    "NeurIPS": 2013,
    "Score": 0.8818350434303284
  },
  {
    "CHI": 2001,
    "NeurIPS": 2014,
    "Score": 0.8831574320793152
  },
  {
    "CHI": 2001,
    "NeurIPS": 2015,
    "Score": 0.8803138732910156
  },
  {
    "CHI": 2001,
    "NeurIPS": 2016,
    "Score": 0.8798617720603943
  },
  {
    "CHI": 2001,
    "NeurIPS": 2017,
    "Score": 0.8835752606391907
  },
  {
    "CHI": 2001,
    "NeurIPS": 2018,
    "Score": 0.8853967189788818
  },
  {
    "CHI": 2001,
    "NeurIPS": 2019,
    "Score": 0.8769672513008118
  },
  {
    "CHI": 2001,
    "NeurIPS": 2020,
    "Score": 0.8725093007087708
  },
  {
    "CHI": 2001,
    "NeurIPS": 2021,
    "Score": 0.8711094856262207
  },
  {
    "CHI": 2002,
    "NeurIPS": 2001,
    "Score": 0.8797094821929932
  },
  {
    "CHI": 2002,
    "NeurIPS": 2002,
    "Score": 0.88062584400177
  },
  {
    "CHI": 2002,
    "NeurIPS": 2003,
    "Score": 0.8870100378990173
  },
  {
    "CHI": 2002,
    "NeurIPS": 2004,
    "Score": 0.8776342868804932
  },
  {
    "CHI": 2002,
    "NeurIPS": 2005,
    "Score": 0.8866926431655884
  },
  {
    "CHI": 2002,
    "NeurIPS": 2006,
    "Score": 0.8870701789855957
  },
  {
    "CHI": 2002,
    "NeurIPS": 2007,
    "Score": 0.8890437483787537
  },
  {
    "CHI": 2002,
    "NeurIPS": 2008,
    "Score": 0.8876381516456604
  },
  {
    "CHI": 2002,
    "NeurIPS": 2009,
    "Score": 0.8807370662689209
  },
  {
    "CHI": 2002,
    "NeurIPS": 2010,
    "Score": 0.8893128037452698
  },
  {
    "CHI": 2002,
    "NeurIPS": 2011,
    "Score": 0.8816863298416138
  },
  {
    "CHI": 2002,
    "NeurIPS": 2012,
    "Score": 0.8837553262710571
  },
  {
    "CHI": 2002,
    "NeurIPS": 2013,
    "Score": 0.8746493458747864
  },
  {
    "CHI": 2002,
    "NeurIPS": 2014,
    "Score": 0.8820497393608093
  },
  {
    "CHI": 2002,
    "NeurIPS": 2015,
    "Score": 0.8837277293205261
  },
  {
    "CHI": 2002,
    "NeurIPS": 2016,
    "Score": 0.8874373435974121
  },
  {
    "CHI": 2002,
    "NeurIPS": 2017,
    "Score": 0.8876246809959412
  },
  {
    "CHI": 2002,
    "NeurIPS": 2018,
    "Score": 0.8869182467460632
  },
  {
    "CHI": 2002,
    "NeurIPS": 2019,
    "Score": 0.8805875182151794
  },
  {
    "CHI": 2002,
    "NeurIPS": 2020,
    "Score": 0.8856907486915588
  },
  {
    "CHI": 2002,
    "NeurIPS": 2021,
    "Score": 0.883029580116272
  },
  {
    "CHI": 2003,
    "NeurIPS": 2001,
    "Score": 0.9040759801864624
  },
  {
    "CHI": 2003,
    "NeurIPS": 2002,
    "Score": 0.9094995856285095
  },
  {
    "CHI": 2003,
    "NeurIPS": 2003,
    "Score": 0.9092901349067688
  },
  {
    "CHI": 2003,
    "NeurIPS": 2004,
    "Score": 0.8914209008216858
  },
  {
    "CHI": 2003,
    "NeurIPS": 2005,
    "Score": 0.9061583876609802
  },
  {
    "CHI": 2003,
    "NeurIPS": 2006,
    "Score": 0.9053692817687988
  },
  {
    "CHI": 2003,
    "NeurIPS": 2007,
    "Score": 0.9088940620422363
  },
  {
    "CHI": 2003,
    "NeurIPS": 2008,
    "Score": 0.9079110622406006
  },
  {
    "CHI": 2003,
    "NeurIPS": 2009,
    "Score": 0.9030390381813049
  },
  {
    "CHI": 2003,
    "NeurIPS": 2010,
    "Score": 0.8964682817459106
  },
  {
    "CHI": 2003,
    "NeurIPS": 2011,
    "Score": 0.9047748446464539
  },
  {
    "CHI": 2003,
    "NeurIPS": 2012,
    "Score": 0.8983495831489563
  },
  {
    "CHI": 2003,
    "NeurIPS": 2013,
    "Score": 0.8961174488067627
  },
  {
    "CHI": 2003,
    "NeurIPS": 2014,
    "Score": 0.8977747559547424
  },
  {
    "CHI": 2003,
    "NeurIPS": 2015,
    "Score": 0.8962268829345703
  },
  {
    "CHI": 2003,
    "NeurIPS": 2016,
    "Score": 0.9023516178131104
  },
  {
    "CHI": 2003,
    "NeurIPS": 2017,
    "Score": 0.9020235538482666
  },
  {
    "CHI": 2003,
    "NeurIPS": 2018,
    "Score": 0.9012165665626526
  },
  {
    "CHI": 2003,
    "NeurIPS": 2019,
    "Score": 0.8948371410369873
  },
  {
    "CHI": 2003,
    "NeurIPS": 2020,
    "Score": 0.8920173048973083
  },
  {
    "CHI": 2003,
    "NeurIPS": 2021,
    "Score": 0.8899824023246765
  },
  {
    "CHI": 2004,
    "NeurIPS": 2001,
    "Score": 0.9109731316566467
  },
  {
    "CHI": 2004,
    "NeurIPS": 2002,
    "Score": 0.9129055142402649
  },
  {
    "CHI": 2004,
    "NeurIPS": 2003,
    "Score": 0.9147307872772217
  },
  {
    "CHI": 2004,
    "NeurIPS": 2004,
    "Score": 0.9078944325447083
  },
  {
    "CHI": 2004,
    "NeurIPS": 2005,
    "Score": 0.9130373597145081
  },
  {
    "CHI": 2004,
    "NeurIPS": 2006,
    "Score": 0.9144399762153625
  },
  {
    "CHI": 2004,
    "NeurIPS": 2007,
    "Score": 0.914959192276001
  },
  {
    "CHI": 2004,
    "NeurIPS": 2008,
    "Score": 0.9133091568946838
  },
  {
    "CHI": 2004,
    "NeurIPS": 2009,
    "Score": 0.9083145260810852
  },
  {
    "CHI": 2004,
    "NeurIPS": 2010,
    "Score": 0.9091519117355347
  },
  {
    "CHI": 2004,
    "NeurIPS": 2011,
    "Score": 0.9103109240531921
  },
  {
    "CHI": 2004,
    "NeurIPS": 2012,
    "Score": 0.9057252407073975
  },
  {
    "CHI": 2004,
    "NeurIPS": 2013,
    "Score": 0.9066755175590515
  },
  {
    "CHI": 2004,
    "NeurIPS": 2014,
    "Score": 0.9077951908111572
  },
  {
    "CHI": 2004,
    "NeurIPS": 2015,
    "Score": 0.9054007530212402
  },
  {
    "CHI": 2004,
    "NeurIPS": 2016,
    "Score": 0.907356321811676
  },
  {
    "CHI": 2004,
    "NeurIPS": 2017,
    "Score": 0.9081917405128479
  },
  {
    "CHI": 2004,
    "NeurIPS": 2018,
    "Score": 0.9098827242851257
  },
  {
    "CHI": 2004,
    "NeurIPS": 2019,
    "Score": 0.9045321941375732
  },
  {
    "CHI": 2004,
    "NeurIPS": 2020,
    "Score": 0.9034063816070557
  },
  {
    "CHI": 2004,
    "NeurIPS": 2021,
    "Score": 0.8940557241439819
  },
  {
    "CHI": 2005,
    "NeurIPS": 2001,
    "Score": 0.9005639553070068
  },
  {
    "CHI": 2005,
    "NeurIPS": 2002,
    "Score": 0.9032358527183533
  },
  {
    "CHI": 2005,
    "NeurIPS": 2003,
    "Score": 0.9094158411026001
  },
  {
    "CHI": 2005,
    "NeurIPS": 2004,
    "Score": 0.8941851258277893
  },
  {
    "CHI": 2005,
    "NeurIPS": 2005,
    "Score": 0.9084479808807373
  },
  {
    "CHI": 2005,
    "NeurIPS": 2006,
    "Score": 0.9040009379386902
  },
  {
    "CHI": 2005,
    "NeurIPS": 2007,
    "Score": 0.9053304195404053
  },
  {
    "CHI": 2005,
    "NeurIPS": 2008,
    "Score": 0.9039260149002075
  },
  {
    "CHI": 2005,
    "NeurIPS": 2009,
    "Score": 0.9025624990463257
  },
  {
    "CHI": 2005,
    "NeurIPS": 2010,
    "Score": 0.9011285305023193
  },
  {
    "CHI": 2005,
    "NeurIPS": 2011,
    "Score": 0.9044944643974304
  },
  {
    "CHI": 2005,
    "NeurIPS": 2012,
    "Score": 0.8953649401664734
  },
  {
    "CHI": 2005,
    "NeurIPS": 2013,
    "Score": 0.8949252367019653
  },
  {
    "CHI": 2005,
    "NeurIPS": 2014,
    "Score": 0.8990974426269531
  },
  {
    "CHI": 2005,
    "NeurIPS": 2015,
    "Score": 0.8934448957443237
  },
  {
    "CHI": 2005,
    "NeurIPS": 2016,
    "Score": 0.9019967913627625
  },
  {
    "CHI": 2005,
    "NeurIPS": 2017,
    "Score": 0.9049662947654724
  },
  {
    "CHI": 2005,
    "NeurIPS": 2018,
    "Score": 0.9018099308013916
  },
  {
    "CHI": 2005,
    "NeurIPS": 2019,
    "Score": 0.8939560055732727
  },
  {
    "CHI": 2005,
    "NeurIPS": 2020,
    "Score": 0.8950048685073853
  },
  {
    "CHI": 2005,
    "NeurIPS": 2021,
    "Score": 0.8930561542510986
  },
  {
    "CHI": 2006,
    "NeurIPS": 2001,
    "Score": 0.927956223487854
  },
  {
    "CHI": 2006,
    "NeurIPS": 2002,
    "Score": 0.930895984172821
  },
  {
    "CHI": 2006,
    "NeurIPS": 2003,
    "Score": 0.9308066368103027
  },
  {
    "CHI": 2006,
    "NeurIPS": 2004,
    "Score": 0.927544355392456
  },
  {
    "CHI": 2006,
    "NeurIPS": 2005,
    "Score": 0.9324284195899963
  },
  {
    "CHI": 2006,
    "NeurIPS": 2006,
    "Score": 0.9317910075187683
  },
  {
    "CHI": 2006,
    "NeurIPS": 2007,
    "Score": 0.9338024258613586
  },
  {
    "CHI": 2006,
    "NeurIPS": 2008,
    "Score": 0.9325335025787354
  },
  {
    "CHI": 2006,
    "NeurIPS": 2009,
    "Score": 0.9315308928489685
  },
  {
    "CHI": 2006,
    "NeurIPS": 2010,
    "Score": 0.9279983043670654
  },
  {
    "CHI": 2006,
    "NeurIPS": 2011,
    "Score": 0.9295017123222351
  },
  {
    "CHI": 2006,
    "NeurIPS": 2012,
    "Score": 0.9298138618469238
  },
  {
    "CHI": 2006,
    "NeurIPS": 2013,
    "Score": 0.9277744889259338
  },
  {
    "CHI": 2006,
    "NeurIPS": 2014,
    "Score": 0.9274638295173645
  },
  {
    "CHI": 2006,
    "NeurIPS": 2015,
    "Score": 0.9276785254478455
  },
  {
    "CHI": 2006,
    "NeurIPS": 2016,
    "Score": 0.9265636205673218
  },
  {
    "CHI": 2006,
    "NeurIPS": 2017,
    "Score": 0.9299669861793518
  },
  {
    "CHI": 2006,
    "NeurIPS": 2018,
    "Score": 0.9291010499000549
  },
  {
    "CHI": 2006,
    "NeurIPS": 2019,
    "Score": 0.9244238138198853
  },
  {
    "CHI": 2006,
    "NeurIPS": 2020,
    "Score": 0.9254753589630127
  },
  {
    "CHI": 2006,
    "NeurIPS": 2021,
    "Score": 0.9186158180236816
  },
  {
    "CHI": 2007,
    "NeurIPS": 2001,
    "Score": 0.9289528727531433
  },
  {
    "CHI": 2007,
    "NeurIPS": 2002,
    "Score": 0.9304869771003723
  },
  {
    "CHI": 2007,
    "NeurIPS": 2003,
    "Score": 0.9319602251052856
  },
  {
    "CHI": 2007,
    "NeurIPS": 2004,
    "Score": 0.9307817220687866
  },
  {
    "CHI": 2007,
    "NeurIPS": 2005,
    "Score": 0.9331792593002319
  },
  {
    "CHI": 2007,
    "NeurIPS": 2006,
    "Score": 0.9335272312164307
  },
  {
    "CHI": 2007,
    "NeurIPS": 2007,
    "Score": 0.9332275390625
  },
  {
    "CHI": 2007,
    "NeurIPS": 2008,
    "Score": 0.9306576251983643
  },
  {
    "CHI": 2007,
    "NeurIPS": 2009,
    "Score": 0.9305808544158936
  },
  {
    "CHI": 2007,
    "NeurIPS": 2010,
    "Score": 0.9326525926589966
  },
  {
    "CHI": 2007,
    "NeurIPS": 2011,
    "Score": 0.9301052689552307
  },
  {
    "CHI": 2007,
    "NeurIPS": 2012,
    "Score": 0.9312044382095337
  },
  {
    "CHI": 2007,
    "NeurIPS": 2013,
    "Score": 0.927849292755127
  },
  {
    "CHI": 2007,
    "NeurIPS": 2014,
    "Score": 0.9320463538169861
  },
  {
    "CHI": 2007,
    "NeurIPS": 2015,
    "Score": 0.9279463887214661
  },
  {
    "CHI": 2007,
    "NeurIPS": 2016,
    "Score": 0.930651843547821
  },
  {
    "CHI": 2007,
    "NeurIPS": 2017,
    "Score": 0.9317649006843567
  },
  {
    "CHI": 2007,
    "NeurIPS": 2018,
    "Score": 0.9341235160827637
  },
  {
    "CHI": 2007,
    "NeurIPS": 2019,
    "Score": 0.931134819984436
  },
  {
    "CHI": 2007,
    "NeurIPS": 2020,
    "Score": 0.9335110187530518
  },
  {
    "CHI": 2007,
    "NeurIPS": 2021,
    "Score": 0.9282613396644592
  },
  {
    "CHI": 2008,
    "NeurIPS": 2001,
    "Score": 0.933830976486206
  },
  {
    "CHI": 2008,
    "NeurIPS": 2002,
    "Score": 0.9382610321044922
  },
  {
    "CHI": 2008,
    "NeurIPS": 2003,
    "Score": 0.9377855062484741
  },
  {
    "CHI": 2008,
    "NeurIPS": 2004,
    "Score": 0.9375289082527161
  },
  {
    "CHI": 2008,
    "NeurIPS": 2005,
    "Score": 0.9369572997093201
  },
  {
    "CHI": 2008,
    "NeurIPS": 2006,
    "Score": 0.9394424557685852
  },
  {
    "CHI": 2008,
    "NeurIPS": 2007,
    "Score": 0.9389045834541321
  },
  {
    "CHI": 2008,
    "NeurIPS": 2008,
    "Score": 0.9390004873275757
  },
  {
    "CHI": 2008,
    "NeurIPS": 2009,
    "Score": 0.9415724873542786
  },
  {
    "CHI": 2008,
    "NeurIPS": 2010,
    "Score": 0.9410367012023926
  },
  {
    "CHI": 2008,
    "NeurIPS": 2011,
    "Score": 0.939644455909729
  },
  {
    "CHI": 2008,
    "NeurIPS": 2012,
    "Score": 0.9386417865753174
  },
  {
    "CHI": 2008,
    "NeurIPS": 2013,
    "Score": 0.93683260679245
  },
  {
    "CHI": 2008,
    "NeurIPS": 2014,
    "Score": 0.9377956390380859
  },
  {
    "CHI": 2008,
    "NeurIPS": 2015,
    "Score": 0.9370782971382141
  },
  {
    "CHI": 2008,
    "NeurIPS": 2016,
    "Score": 0.9373883008956909
  },
  {
    "CHI": 2008,
    "NeurIPS": 2017,
    "Score": 0.9434220790863037
  },
  {
    "CHI": 2008,
    "NeurIPS": 2018,
    "Score": 0.9411253333091736
  },
  {
    "CHI": 2008,
    "NeurIPS": 2019,
    "Score": 0.9415127635002136
  },
  {
    "CHI": 2008,
    "NeurIPS": 2020,
    "Score": 0.9436509013175964
  },
  {
    "CHI": 2008,
    "NeurIPS": 2021,
    "Score": 0.9373595714569092
  },
  {
    "CHI": 2009,
    "NeurIPS": 2001,
    "Score": 0.9398099780082703
  },
  {
    "CHI": 2009,
    "NeurIPS": 2002,
    "Score": 0.9429910778999329
  },
  {
    "CHI": 2009,
    "NeurIPS": 2003,
    "Score": 0.9428838491439819
  },
  {
    "CHI": 2009,
    "NeurIPS": 2004,
    "Score": 0.9414930939674377
  },
  {
    "CHI": 2009,
    "NeurIPS": 2005,
    "Score": 0.9416980743408203
  },
  {
    "CHI": 2009,
    "NeurIPS": 2006,
    "Score": 0.9447135925292969
  },
  {
    "CHI": 2009,
    "NeurIPS": 2007,
    "Score": 0.944796085357666
  },
  {
    "CHI": 2009,
    "NeurIPS": 2008,
    "Score": 0.9473465085029602
  },
  {
    "CHI": 2009,
    "NeurIPS": 2009,
    "Score": 0.9474068284034729
  },
  {
    "CHI": 2009,
    "NeurIPS": 2010,
    "Score": 0.9470095634460449
  },
  {
    "CHI": 2009,
    "NeurIPS": 2011,
    "Score": 0.9469651579856873
  },
  {
    "CHI": 2009,
    "NeurIPS": 2012,
    "Score": 0.9448978304862976
  },
  {
    "CHI": 2009,
    "NeurIPS": 2013,
    "Score": 0.946502149105072
  },
  {
    "CHI": 2009,
    "NeurIPS": 2014,
    "Score": 0.942518949508667
  },
  {
    "CHI": 2009,
    "NeurIPS": 2015,
    "Score": 0.9421797394752502
  },
  {
    "CHI": 2009,
    "NeurIPS": 2016,
    "Score": 0.9454922676086426
  },
  {
    "CHI": 2009,
    "NeurIPS": 2017,
    "Score": 0.9471981525421143
  },
  {
    "CHI": 2009,
    "NeurIPS": 2018,
    "Score": 0.9467756748199463
  },
  {
    "CHI": 2009,
    "NeurIPS": 2019,
    "Score": 0.9440062046051025
  },
  {
    "CHI": 2009,
    "NeurIPS": 2020,
    "Score": 0.9457536935806274
  },
  {
    "CHI": 2009,
    "NeurIPS": 2021,
    "Score": 0.9421436786651611
  },
  {
    "CHI": 2010,
    "NeurIPS": 2001,
    "Score": 0.9353359937667847
  },
  {
    "CHI": 2010,
    "NeurIPS": 2002,
    "Score": 0.9381299018859863
  },
  {
    "CHI": 2010,
    "NeurIPS": 2003,
    "Score": 0.936441957950592
  },
  {
    "CHI": 2010,
    "NeurIPS": 2004,
    "Score": 0.9366222620010376
  },
  {
    "CHI": 2010,
    "NeurIPS": 2005,
    "Score": 0.9390458464622498
  },
  {
    "CHI": 2010,
    "NeurIPS": 2006,
    "Score": 0.9404674768447876
  },
  {
    "CHI": 2010,
    "NeurIPS": 2007,
    "Score": 0.9401577115058899
  },
  {
    "CHI": 2010,
    "NeurIPS": 2008,
    "Score": 0.9413408041000366
  },
  {
    "CHI": 2010,
    "NeurIPS": 2009,
    "Score": 0.9393855333328247
  },
  {
    "CHI": 2010,
    "NeurIPS": 2010,
    "Score": 0.9419363141059875
  },
  {
    "CHI": 2010,
    "NeurIPS": 2011,
    "Score": 0.9398027658462524
  },
  {
    "CHI": 2010,
    "NeurIPS": 2012,
    "Score": 0.9384435415267944
  },
  {
    "CHI": 2010,
    "NeurIPS": 2013,
    "Score": 0.9381033182144165
  },
  {
    "CHI": 2010,
    "NeurIPS": 2014,
    "Score": 0.9372156262397766
  },
  {
    "CHI": 2010,
    "NeurIPS": 2015,
    "Score": 0.9387533068656921
  },
  {
    "CHI": 2010,
    "NeurIPS": 2016,
    "Score": 0.9390068054199219
  },
  {
    "CHI": 2010,
    "NeurIPS": 2017,
    "Score": 0.9387208819389343
  },
  {
    "CHI": 2010,
    "NeurIPS": 2018,
    "Score": 0.9416860938072205
  },
  {
    "CHI": 2010,
    "NeurIPS": 2019,
    "Score": 0.9374136328697205
  },
  {
    "CHI": 2010,
    "NeurIPS": 2020,
    "Score": 0.9393999576568604
  },
  {
    "CHI": 2010,
    "NeurIPS": 2021,
    "Score": 0.9354475140571594
  },
  {
    "CHI": 2011,
    "NeurIPS": 2001,
    "Score": 0.9405293464660645
  },
  {
    "CHI": 2011,
    "NeurIPS": 2002,
    "Score": 0.942329466342926
  },
  {
    "CHI": 2011,
    "NeurIPS": 2003,
    "Score": 0.9416463971138
  },
  {
    "CHI": 2011,
    "NeurIPS": 2004,
    "Score": 0.9429376125335693
  },
  {
    "CHI": 2011,
    "NeurIPS": 2005,
    "Score": 0.9445787072181702
  },
  {
    "CHI": 2011,
    "NeurIPS": 2006,
    "Score": 0.9437770247459412
  },
  {
    "CHI": 2011,
    "NeurIPS": 2007,
    "Score": 0.9452225565910339
  },
  {
    "CHI": 2011,
    "NeurIPS": 2008,
    "Score": 0.9446861147880554
  },
  {
    "CHI": 2011,
    "NeurIPS": 2009,
    "Score": 0.9458918571472168
  },
  {
    "CHI": 2011,
    "NeurIPS": 2010,
    "Score": 0.9467189311981201
  },
  {
    "CHI": 2011,
    "NeurIPS": 2011,
    "Score": 0.9446555376052856
  },
  {
    "CHI": 2011,
    "NeurIPS": 2012,
    "Score": 0.9444248080253601
  },
  {
    "CHI": 2011,
    "NeurIPS": 2013,
    "Score": 0.9438724517822266
  },
  {
    "CHI": 2011,
    "NeurIPS": 2014,
    "Score": 0.9438623785972595
  },
  {
    "CHI": 2011,
    "NeurIPS": 2015,
    "Score": 0.9440935254096985
  },
  {
    "CHI": 2011,
    "NeurIPS": 2016,
    "Score": 0.9457358717918396
  },
  {
    "CHI": 2011,
    "NeurIPS": 2017,
    "Score": 0.9465484619140625
  },
  {
    "CHI": 2011,
    "NeurIPS": 2018,
    "Score": 0.948151171207428
  },
  {
    "CHI": 2011,
    "NeurIPS": 2019,
    "Score": 0.9469863176345825
  },
  {
    "CHI": 2011,
    "NeurIPS": 2020,
    "Score": 0.9491666555404663
  },
  {
    "CHI": 2011,
    "NeurIPS": 2021,
    "Score": 0.9465527534484863
  },
  {
    "CHI": 2012,
    "NeurIPS": 2001,
    "Score": 0.9374035000801086
  },
  {
    "CHI": 2012,
    "NeurIPS": 2002,
    "Score": 0.9426069855690002
  },
  {
    "CHI": 2012,
    "NeurIPS": 2003,
    "Score": 0.9395076632499695
  },
  {
    "CHI": 2012,
    "NeurIPS": 2004,
    "Score": 0.9420354962348938
  },
  {
    "CHI": 2012,
    "NeurIPS": 2005,
    "Score": 0.9418960809707642
  },
  {
    "CHI": 2012,
    "NeurIPS": 2006,
    "Score": 0.9427874684333801
  },
  {
    "CHI": 2012,
    "NeurIPS": 2007,
    "Score": 0.9449073076248169
  },
  {
    "CHI": 2012,
    "NeurIPS": 2008,
    "Score": 0.9447147250175476
  },
  {
    "CHI": 2012,
    "NeurIPS": 2009,
    "Score": 0.9450563192367554
  },
  {
    "CHI": 2012,
    "NeurIPS": 2010,
    "Score": 0.9454482793807983
  },
  {
    "CHI": 2012,
    "NeurIPS": 2011,
    "Score": 0.9435204863548279
  },
  {
    "CHI": 2012,
    "NeurIPS": 2012,
    "Score": 0.9432724714279175
  },
  {
    "CHI": 2012,
    "NeurIPS": 2013,
    "Score": 0.9453743696212769
  },
  {
    "CHI": 2012,
    "NeurIPS": 2014,
    "Score": 0.9439413547515869
  },
  {
    "CHI": 2012,
    "NeurIPS": 2015,
    "Score": 0.9432352185249329
  },
  {
    "CHI": 2012,
    "NeurIPS": 2016,
    "Score": 0.9457719326019287
  },
  {
    "CHI": 2012,
    "NeurIPS": 2017,
    "Score": 0.9465372562408447
  },
  {
    "CHI": 2012,
    "NeurIPS": 2018,
    "Score": 0.9472552537918091
  },
  {
    "CHI": 2012,
    "NeurIPS": 2019,
    "Score": 0.9457890391349792
  },
  {
    "CHI": 2012,
    "NeurIPS": 2020,
    "Score": 0.9467920660972595
  },
  {
    "CHI": 2012,
    "NeurIPS": 2021,
    "Score": 0.9445391297340393
  },
  {
    "CHI": 2013,
    "NeurIPS": 2001,
    "Score": 0.9412726759910583
  },
  {
    "CHI": 2013,
    "NeurIPS": 2002,
    "Score": 0.9456764459609985
  },
  {
    "CHI": 2013,
    "NeurIPS": 2003,
    "Score": 0.9453721046447754
  },
  {
    "CHI": 2013,
    "NeurIPS": 2004,
    "Score": 0.9474988579750061
  },
  {
    "CHI": 2013,
    "NeurIPS": 2005,
    "Score": 0.9463492035865784
  },
  {
    "CHI": 2013,
    "NeurIPS": 2006,
    "Score": 0.9469867944717407
  },
  {
    "CHI": 2013,
    "NeurIPS": 2007,
    "Score": 0.9490901231765747
  },
  {
    "CHI": 2013,
    "NeurIPS": 2008,
    "Score": 0.9502843618392944
  },
  {
    "CHI": 2013,
    "NeurIPS": 2009,
    "Score": 0.9491043090820312
  },
  {
    "CHI": 2013,
    "NeurIPS": 2010,
    "Score": 0.9511653780937195
  },
  {
    "CHI": 2013,
    "NeurIPS": 2011,
    "Score": 0.9483481645584106
  },
  {
    "CHI": 2013,
    "NeurIPS": 2012,
    "Score": 0.9498836994171143
  },
  {
    "CHI": 2013,
    "NeurIPS": 2013,
    "Score": 0.9489123821258545
  },
  {
    "CHI": 2013,
    "NeurIPS": 2014,
    "Score": 0.9487043619155884
  },
  {
    "CHI": 2013,
    "NeurIPS": 2015,
    "Score": 0.9493282437324524
  },
  {
    "CHI": 2013,
    "NeurIPS": 2016,
    "Score": 0.9512746930122375
  },
  {
    "CHI": 2013,
    "NeurIPS": 2017,
    "Score": 0.9532918334007263
  },
  {
    "CHI": 2013,
    "NeurIPS": 2018,
    "Score": 0.9530900716781616
  },
  {
    "CHI": 2013,
    "NeurIPS": 2019,
    "Score": 0.9522216320037842
  },
  {
    "CHI": 2013,
    "NeurIPS": 2020,
    "Score": 0.9541449546813965
  },
  {
    "CHI": 2013,
    "NeurIPS": 2021,
    "Score": 0.9524294137954712
  },
  {
    "CHI": 2014,
    "NeurIPS": 2001,
    "Score": 0.9464425444602966
  },
  {
    "CHI": 2014,
    "NeurIPS": 2002,
    "Score": 0.950926661491394
  },
  {
    "CHI": 2014,
    "NeurIPS": 2003,
    "Score": 0.9489912986755371
  },
  {
    "CHI": 2014,
    "NeurIPS": 2004,
    "Score": 0.9524969458580017
  },
  {
    "CHI": 2014,
    "NeurIPS": 2005,
    "Score": 0.949690580368042
  },
  {
    "CHI": 2014,
    "NeurIPS": 2006,
    "Score": 0.9528274536132812
  },
  {
    "CHI": 2014,
    "NeurIPS": 2007,
    "Score": 0.9545873403549194
  },
  {
    "CHI": 2014,
    "NeurIPS": 2008,
    "Score": 0.957114040851593
  },
  {
    "CHI": 2014,
    "NeurIPS": 2009,
    "Score": 0.9550087451934814
  },
  {
    "CHI": 2014,
    "NeurIPS": 2010,
    "Score": 0.9587976336479187
  },
  {
    "CHI": 2014,
    "NeurIPS": 2011,
    "Score": 0.9556130170822144
  },
  {
    "CHI": 2014,
    "NeurIPS": 2012,
    "Score": 0.9568432569503784
  },
  {
    "CHI": 2014,
    "NeurIPS": 2013,
    "Score": 0.9564504027366638
  },
  {
    "CHI": 2014,
    "NeurIPS": 2014,
    "Score": 0.9567518830299377
  },
  {
    "CHI": 2014,
    "NeurIPS": 2015,
    "Score": 0.955644965171814
  },
  {
    "CHI": 2014,
    "NeurIPS": 2016,
    "Score": 0.95932936668396
  },
  {
    "CHI": 2014,
    "NeurIPS": 2017,
    "Score": 0.9595421552658081
  },
  {
    "CHI": 2014,
    "NeurIPS": 2018,
    "Score": 0.9601500630378723
  },
  {
    "CHI": 2014,
    "NeurIPS": 2019,
    "Score": 0.9578520059585571
  },
  {
    "CHI": 2014,
    "NeurIPS": 2020,
    "Score": 0.959339439868927
  },
  {
    "CHI": 2014,
    "NeurIPS": 2021,
    "Score": 0.9594305157661438
  },
  {
    "CHI": 2015,
    "NeurIPS": 2001,
    "Score": 0.9426715970039368
  },
  {
    "CHI": 2015,
    "NeurIPS": 2002,
    "Score": 0.946272075176239
  },
  {
    "CHI": 2015,
    "NeurIPS": 2003,
    "Score": 0.9447933435440063
  },
  {
    "CHI": 2015,
    "NeurIPS": 2004,
    "Score": 0.9469971656799316
  },
  {
    "CHI": 2015,
    "NeurIPS": 2005,
    "Score": 0.9469419121742249
  },
  {
    "CHI": 2015,
    "NeurIPS": 2006,
    "Score": 0.9469162821769714
  },
  {
    "CHI": 2015,
    "NeurIPS": 2007,
    "Score": 0.9495699405670166
  },
  {
    "CHI": 2015,
    "NeurIPS": 2008,
    "Score": 0.952300488948822
  },
  {
    "CHI": 2015,
    "NeurIPS": 2009,
    "Score": 0.9497087001800537
  },
  {
    "CHI": 2015,
    "NeurIPS": 2010,
    "Score": 0.9520482420921326
  },
  {
    "CHI": 2015,
    "NeurIPS": 2011,
    "Score": 0.949553906917572
  },
  {
    "CHI": 2015,
    "NeurIPS": 2012,
    "Score": 0.9490201473236084
  },
  {
    "CHI": 2015,
    "NeurIPS": 2013,
    "Score": 0.9503034353256226
  },
  {
    "CHI": 2015,
    "NeurIPS": 2014,
    "Score": 0.9510127305984497
  },
  {
    "CHI": 2015,
    "NeurIPS": 2015,
    "Score": 0.9489707350730896
  },
  {
    "CHI": 2015,
    "NeurIPS": 2016,
    "Score": 0.9519919753074646
  },
  {
    "CHI": 2015,
    "NeurIPS": 2017,
    "Score": 0.9524289965629578
  },
  {
    "CHI": 2015,
    "NeurIPS": 2018,
    "Score": 0.9530137777328491
  },
  {
    "CHI": 2015,
    "NeurIPS": 2019,
    "Score": 0.9519092440605164
  },
  {
    "CHI": 2015,
    "NeurIPS": 2020,
    "Score": 0.9540917873382568
  },
  {
    "CHI": 2015,
    "NeurIPS": 2021,
    "Score": 0.952054500579834
  },
  {
    "CHI": 2016,
    "NeurIPS": 2001,
    "Score": 0.9439466595649719
  },
  {
    "CHI": 2016,
    "NeurIPS": 2002,
    "Score": 0.947989284992218
  },
  {
    "CHI": 2016,
    "NeurIPS": 2003,
    "Score": 0.9468397498130798
  },
  {
    "CHI": 2016,
    "NeurIPS": 2004,
    "Score": 0.949918270111084
  },
  {
    "CHI": 2016,
    "NeurIPS": 2005,
    "Score": 0.9480977058410645
  },
  {
    "CHI": 2016,
    "NeurIPS": 2006,
    "Score": 0.9506593346595764
  },
  {
    "CHI": 2016,
    "NeurIPS": 2007,
    "Score": 0.9508190155029297
  },
  {
    "CHI": 2016,
    "NeurIPS": 2008,
    "Score": 0.9531146287918091
  },
  {
    "CHI": 2016,
    "NeurIPS": 2009,
    "Score": 0.9531459808349609
  },
  {
    "CHI": 2016,
    "NeurIPS": 2010,
    "Score": 0.9547987580299377
  },
  {
    "CHI": 2016,
    "NeurIPS": 2011,
    "Score": 0.9527289867401123
  },
  {
    "CHI": 2016,
    "NeurIPS": 2012,
    "Score": 0.9539393782615662
  },
  {
    "CHI": 2016,
    "NeurIPS": 2013,
    "Score": 0.9539176821708679
  },
  {
    "CHI": 2016,
    "NeurIPS": 2014,
    "Score": 0.9543710350990295
  },
  {
    "CHI": 2016,
    "NeurIPS": 2015,
    "Score": 0.9539830088615417
  },
  {
    "CHI": 2016,
    "NeurIPS": 2016,
    "Score": 0.9583944082260132
  },
  {
    "CHI": 2016,
    "NeurIPS": 2017,
    "Score": 0.9571644067764282
  },
  {
    "CHI": 2016,
    "NeurIPS": 2018,
    "Score": 0.9580270648002625
  },
  {
    "CHI": 2016,
    "NeurIPS": 2019,
    "Score": 0.9578078985214233
  },
  {
    "CHI": 2016,
    "NeurIPS": 2020,
    "Score": 0.958382248878479
  },
  {
    "CHI": 2016,
    "NeurIPS": 2021,
    "Score": 0.9563482403755188
  },
  {
    "CHI": 2017,
    "NeurIPS": 2001,
    "Score": 0.9452450275421143
  },
  {
    "CHI": 2017,
    "NeurIPS": 2002,
    "Score": 0.9521061778068542
  },
  {
    "CHI": 2017,
    "NeurIPS": 2003,
    "Score": 0.9467236399650574
  },
  {
    "CHI": 2017,
    "NeurIPS": 2004,
    "Score": 0.9534487128257751
  },
  {
    "CHI": 2017,
    "NeurIPS": 2005,
    "Score": 0.9498944282531738
  },
  {
    "CHI": 2017,
    "NeurIPS": 2006,
    "Score": 0.951996922492981
  },
  {
    "CHI": 2017,
    "NeurIPS": 2007,
    "Score": 0.9535683989524841
  },
  {
    "CHI": 2017,
    "NeurIPS": 2008,
    "Score": 0.9581104516983032
  },
  {
    "CHI": 2017,
    "NeurIPS": 2009,
    "Score": 0.956443727016449
  },
  {
    "CHI": 2017,
    "NeurIPS": 2010,
    "Score": 0.9581066370010376
  },
  {
    "CHI": 2017,
    "NeurIPS": 2011,
    "Score": 0.9574102163314819
  },
  {
    "CHI": 2017,
    "NeurIPS": 2012,
    "Score": 0.9594641923904419
  },
  {
    "CHI": 2017,
    "NeurIPS": 2013,
    "Score": 0.9581325650215149
  },
  {
    "CHI": 2017,
    "NeurIPS": 2014,
    "Score": 0.9590067863464355
  },
  {
    "CHI": 2017,
    "NeurIPS": 2015,
    "Score": 0.9586244821548462
  },
  {
    "CHI": 2017,
    "NeurIPS": 2016,
    "Score": 0.9624726176261902
  },
  {
    "CHI": 2017,
    "NeurIPS": 2017,
    "Score": 0.9650678038597107
  },
  {
    "CHI": 2017,
    "NeurIPS": 2018,
    "Score": 0.9638391733169556
  },
  {
    "CHI": 2017,
    "NeurIPS": 2019,
    "Score": 0.9630446434020996
  },
  {
    "CHI": 2017,
    "NeurIPS": 2020,
    "Score": 0.9651167988777161
  },
  {
    "CHI": 2017,
    "NeurIPS": 2021,
    "Score": 0.9621803164482117
  },
  {
    "CHI": 2018,
    "NeurIPS": 2001,
    "Score": 0.9445168972015381
  },
  {
    "CHI": 2018,
    "NeurIPS": 2002,
    "Score": 0.9523195624351501
  },
  {
    "CHI": 2018,
    "NeurIPS": 2003,
    "Score": 0.9490399956703186
  },
  {
    "CHI": 2018,
    "NeurIPS": 2004,
    "Score": 0.9540120959281921
  },
  {
    "CHI": 2018,
    "NeurIPS": 2005,
    "Score": 0.9512110352516174
  },
  {
    "CHI": 2018,
    "NeurIPS": 2006,
    "Score": 0.9533431529998779
  },
  {
    "CHI": 2018,
    "NeurIPS": 2007,
    "Score": 0.9531135559082031
  },
  {
    "CHI": 2018,
    "NeurIPS": 2008,
    "Score": 0.9586476683616638
  },
  {
    "CHI": 2018,
    "NeurIPS": 2009,
    "Score": 0.9560983180999756
  },
  {
    "CHI": 2018,
    "NeurIPS": 2010,
    "Score": 0.9593247175216675
  },
  {
    "CHI": 2018,
    "NeurIPS": 2011,
    "Score": 0.9570945501327515
  },
  {
    "CHI": 2018,
    "NeurIPS": 2012,
    "Score": 0.9596825242042542
  },
  {
    "CHI": 2018,
    "NeurIPS": 2013,
    "Score": 0.9572705030441284
  },
  {
    "CHI": 2018,
    "NeurIPS": 2014,
    "Score": 0.9592701196670532
  },
  {
    "CHI": 2018,
    "NeurIPS": 2015,
    "Score": 0.9593825340270996
  },
  {
    "CHI": 2018,
    "NeurIPS": 2016,
    "Score": 0.9642460346221924
  },
  {
    "CHI": 2018,
    "NeurIPS": 2017,
    "Score": 0.9663803577423096
  },
  {
    "CHI": 2018,
    "NeurIPS": 2018,
    "Score": 0.9664590954780579
  },
  {
    "CHI": 2018,
    "NeurIPS": 2019,
    "Score": 0.9655091762542725
  },
  {
    "CHI": 2018,
    "NeurIPS": 2020,
    "Score": 0.9675931334495544
  },
  {
    "CHI": 2018,
    "NeurIPS": 2021,
    "Score": 0.9669955968856812
  },
  {
    "CHI": 2019,
    "NeurIPS": 2001,
    "Score": 0.9449716806411743
  },
  {
    "CHI": 2019,
    "NeurIPS": 2002,
    "Score": 0.9500898122787476
  },
  {
    "CHI": 2019,
    "NeurIPS": 2003,
    "Score": 0.9478185772895813
  },
  {
    "CHI": 2019,
    "NeurIPS": 2004,
    "Score": 0.9522407054901123
  },
  {
    "CHI": 2019,
    "NeurIPS": 2005,
    "Score": 0.9497511386871338
  },
  {
    "CHI": 2019,
    "NeurIPS": 2006,
    "Score": 0.9519487023353577
  },
  {
    "CHI": 2019,
    "NeurIPS": 2007,
    "Score": 0.9496281147003174
  },
  {
    "CHI": 2019,
    "NeurIPS": 2008,
    "Score": 0.9547154903411865
  },
  {
    "CHI": 2019,
    "NeurIPS": 2009,
    "Score": 0.954110860824585
  },
  {
    "CHI": 2019,
    "NeurIPS": 2010,
    "Score": 0.9552118182182312
  },
  {
    "CHI": 2019,
    "NeurIPS": 2011,
    "Score": 0.9535057544708252
  },
  {
    "CHI": 2019,
    "NeurIPS": 2012,
    "Score": 0.9552493095397949
  },
  {
    "CHI": 2019,
    "NeurIPS": 2013,
    "Score": 0.9547198414802551
  },
  {
    "CHI": 2019,
    "NeurIPS": 2014,
    "Score": 0.9540524482727051
  },
  {
    "CHI": 2019,
    "NeurIPS": 2015,
    "Score": 0.9554122686386108
  },
  {
    "CHI": 2019,
    "NeurIPS": 2016,
    "Score": 0.9586082696914673
  },
  {
    "CHI": 2019,
    "NeurIPS": 2017,
    "Score": 0.9598119854927063
  },
  {
    "CHI": 2019,
    "NeurIPS": 2018,
    "Score": 0.9601302146911621
  },
  {
    "CHI": 2019,
    "NeurIPS": 2019,
    "Score": 0.9603668451309204
  },
  {
    "CHI": 2019,
    "NeurIPS": 2020,
    "Score": 0.9607622623443604
  },
  {
    "CHI": 2019,
    "NeurIPS": 2021,
    "Score": 0.9593824744224548
  },
  {
    "CHI": 2020,
    "NeurIPS": 2001,
    "Score": 0.9438477158546448
  },
  {
    "CHI": 2020,
    "NeurIPS": 2002,
    "Score": 0.9508060216903687
  },
  {
    "CHI": 2020,
    "NeurIPS": 2003,
    "Score": 0.9482152462005615
  },
  {
    "CHI": 2020,
    "NeurIPS": 2004,
    "Score": 0.9529370069503784
  },
  {
    "CHI": 2020,
    "NeurIPS": 2005,
    "Score": 0.9498915672302246
  },
  {
    "CHI": 2020,
    "NeurIPS": 2006,
    "Score": 0.9512467384338379
  },
  {
    "CHI": 2020,
    "NeurIPS": 2007,
    "Score": 0.9538821578025818
  },
  {
    "CHI": 2020,
    "NeurIPS": 2008,
    "Score": 0.956820547580719
  },
  {
    "CHI": 2020,
    "NeurIPS": 2009,
    "Score": 0.9550124406814575
  },
  {
    "CHI": 2020,
    "NeurIPS": 2010,
    "Score": 0.9576220512390137
  },
  {
    "CHI": 2020,
    "NeurIPS": 2011,
    "Score": 0.9541249871253967
  },
  {
    "CHI": 2020,
    "NeurIPS": 2012,
    "Score": 0.9551808834075928
  },
  {
    "CHI": 2020,
    "NeurIPS": 2013,
    "Score": 0.9563229084014893
  },
  {
    "CHI": 2020,
    "NeurIPS": 2014,
    "Score": 0.9552947282791138
  },
  {
    "CHI": 2020,
    "NeurIPS": 2015,
    "Score": 0.955069899559021
  },
  {
    "CHI": 2020,
    "NeurIPS": 2016,
    "Score": 0.9588871002197266
  },
  {
    "CHI": 2020,
    "NeurIPS": 2017,
    "Score": 0.9600988030433655
  },
  {
    "CHI": 2020,
    "NeurIPS": 2018,
    "Score": 0.9612345695495605
  },
  {
    "CHI": 2020,
    "NeurIPS": 2019,
    "Score": 0.9594165682792664
  },
  {
    "CHI": 2020,
    "NeurIPS": 2020,
    "Score": 0.962310254573822
  },
  {
    "CHI": 2020,
    "NeurIPS": 2021,
    "Score": 0.9600975513458252
  },
  {
    "CHI": 2021,
    "NeurIPS": 2001,
    "Score": 0.9456299543380737
  },
  {
    "CHI": 2021,
    "NeurIPS": 2002,
    "Score": 0.9549960494041443
  },
  {
    "CHI": 2021,
    "NeurIPS": 2003,
    "Score": 0.9500954151153564
  },
  {
    "CHI": 2021,
    "NeurIPS": 2004,
    "Score": 0.9576693773269653
  },
  {
    "CHI": 2021,
    "NeurIPS": 2005,
    "Score": 0.9533383250236511
  },
  {
    "CHI": 2021,
    "NeurIPS": 2006,
    "Score": 0.9564445614814758
  },
  {
    "CHI": 2021,
    "NeurIPS": 2007,
    "Score": 0.9555483460426331
  },
  {
    "CHI": 2021,
    "NeurIPS": 2008,
    "Score": 0.9606615304946899
  },
  {
    "CHI": 2021,
    "NeurIPS": 2009,
    "Score": 0.9586971998214722
  },
  {
    "CHI": 2021,
    "NeurIPS": 2010,
    "Score": 0.962323009967804
  },
  {
    "CHI": 2021,
    "NeurIPS": 2011,
    "Score": 0.9604212045669556
  },
  {
    "CHI": 2021,
    "NeurIPS": 2012,
    "Score": 0.9606213569641113
  },
  {
    "CHI": 2021,
    "NeurIPS": 2013,
    "Score": 0.9610301852226257
  },
  {
    "CHI": 2021,
    "NeurIPS": 2014,
    "Score": 0.9612227082252502
  },
  {
    "CHI": 2021,
    "NeurIPS": 2015,
    "Score": 0.9606636762619019
  },
  {
    "CHI": 2021,
    "NeurIPS": 2016,
    "Score": 0.9641933441162109
  },
  {
    "CHI": 2021,
    "NeurIPS": 2017,
    "Score": 0.9651140570640564
  },
  {
    "CHI": 2021,
    "NeurIPS": 2018,
    "Score": 0.9667074680328369
  },
  {
    "CHI": 2021,
    "NeurIPS": 2019,
    "Score": 0.965101420879364
  },
  {
    "CHI": 2021,
    "NeurIPS": 2020,
    "Score": 0.9666947722434998
  },
  {
    "CHI": 2021,
    "NeurIPS": 2021,
    "Score": 0.9654052257537842
  }
]